title,body,userId
Simple Title 1,This is a simple body for the first entry.,15
Random Idea 2,Just another random body for the second item.,7
Test Data 3,A short and sweet body for the third data point.,19
Quick Note 4,Body content for the fourth entry keeping it brief.,2
Example Entry 5,The fifth body example nothing too complex here.,11
Dummy Title 6,Simple text for the body of the sixth item.,5
Placeholder 7,This is the body content for the seventh record.,18
Data Point 8,Brief body text for the eighth data entry.,9
Item Nine,The body of the ninth item kept very straightforward.,1
Final Entry 10,Concluding body text for the tenth and final entry.,13
